,Description,Assignment group
0,erp sid password reset,0
1,job bkbackup tool sql prod inc fail scheduler,47
2,hello could please help retrieve delete folder drive link name vacation plan update file hostname team globalengservice tcb graphic team update xlsx support,4
3,job fail scheduler,4
4,type outage network circuit power please specify top cert site yes start schedule maintenance company provider maint ticket backup active contact notify phone email remote dial equipment reset verify work vendor global telecom verizon gsc start additional diagnostic,47
5,setup new strahlraum,17
6,server ekpsm locate germany location since,4
7,bdwdwarbara need permission save folder srvlavstorage toolroom tooling documentation,4
8,type outage network circuit power please specify top cert site yes start schedule maintenance company provider maint ticket backup active contact notify phone email remote dial equipment reset verify work vendor global telecom verizon gsc start additional diagnostic,47
9,trigger load fill rate recovery kba,48
10,issue refresh global spend analytic report bobj,48
11,server reply ping smtp error communication contact name know location usa,4
12,dear colleague virtual server germany move hostname vrtx system urgently miss fileserver efdsm printserver server team would please kind start many,4
13,abende job scheduler,47
14,due file server exchange access database like eemw please contact sudghnthdra urgent,4
15,type outage network circuit power please specify top cert site yes start schedule maintenance company provider maint ticket backup active contact notify phone email remote dial equipment reset verify work vendor global telecom verizon gsc start additional diagnostic,47
16,job fail scheduler,48
17,window printing issue need driver instal every printer complete successfully print server hostname,4
18,timnhyt rehtyulds datacenter dacl cold backup,47
19,soflex dnc working unable connect datenbank server hostname restart phone,4
20,plant server hostname lrrsm connect see gtehdnyu light front server blink,4
21,abende job scheduler bwhrattr,48
22,hello let know process install start access official mail smart phone detail make oppo build number xex imei duel sim mobile need,0
23,emea israel company isr mainswitch access since,47
24,type outage network circuit power please specify top cert site slo yes start schedule maintenance company provider maint ticket backup active contact notify phone email remote dial equipment reset verify work vendor global telecom verizon gsc start additional diagnostic,47
25,type outage network circuit power please specify top cert site slo yes start schedule maintenance company provider maint ticket backup active contact notify phone email remote dial equipment reset verify work vendor global telecom verizon gsc start additional diagnostic,47
26,job fail scheduler,47
27,job bwhrattr fail scheduler,48
28,problem erpgui,17
29,hostname average sample disk free warning threshold total size,4
30,problem erpgui,17
31,abende job scheduler,48
32,unable login vcenter hostname,4
33,access point defekt,17
34,blue screen error,0
35,password reset request,0
36,job fail scheduler,48
37,setup new,17
38,ship dashbankrd tab datum refresh issue maybe refresh daily something break respect extraction freight cost region analysis package total sale org location export indicator delivery type carrier wise statistic find report select previous week,48
39,hostname robot inactive average sample swap memory usage error threshold internal unable find process probe fail start command exe insufficient system resource exist complete requested service,4
40,never receive access tghkris wickhamtf person folder network drive get collaboration platform know save lot information really need document also sure communication receive regard german final creation business gflewxmn qnxhoryg plan day still time copy important another location finally delete switch,4
41,please provide access follow akirtyethsyd user vvsthryomaa aswyuysm mtbelengineere toolical production file read write hostname mtbu ele printer,4
42,hostname average sample disk free warning threshold total size,4
43,summary need acce run bex report show margin access also erp business object load onto machine however work get follow message launcher exit error see log file detail analysis add register correctly,48
44,barcode scanner defect paternoster,17
45,outlook connected server query connect external monitor,0
46,erp sid password reset request,0
47,problem user temporarily merdivan,17
48,name language browser microsoft internet explorer customer number telephone summary need update ticket need resolve aerp,0
49,need email address login outlook,0
50,abende job scheduler,48
51,issue hana system vacation week please work brandeerthy lead get fix define report utilize bring information work fine seem select analysis refresh code grayed use able hit do try insert datum source quote performance build get change look display none column background filter appear long utilize canada file folder date rev uacyltoe hxgaycze one call,48
52,problem companyguest,17
53,problem skype outlook user dardabthyr,17
54,germany patch antivirus server hostname show since e kindly check,4
55,job fail scheduler,48
56,job fail scheduler,48
57,job fail scheduler,48
58,abende job scheduler,48
59,abende job scheduler,48
60,job fail scheduler,48
61,registration skype,17
62,unable open engineering tool application,0
63,usa plant company bld carb access switch since,47
64,unable load collaboration platform,0
65,location access database roll information currently need interrupt data entry extract project also stop calculate density number fix limited experience help problem look like path lan contact,4
66,please unlock erp account user murakt,0
67,job fail scheduler,4
68,job fail scheduler,48
69,hostname germany server since,4
70,job bkwin search server daily fail scheduler,47
71,job bwsdslspln fail scheduler,48
72,erp sid account lock,0
73,update exist product management master key figure dierppear show column also download distrtgoye last month issue anybody make change pallutyr pande correct back maybe involve bussy end datum immediately need correct setting sample refresh well,48
74,unable send receive email,0
75,erp sid zdsxmcwu thdjzolwronization issue,0
76,password reset request,0
77,barcode scanner defect paternoster bur orde,17
78,sign crm get error message report engineering tool load see cmp application eng,0
79,job fail scheduler,47
80,problem office girnda,17
81,hai reset password login kind,0
82,hello unlock password please user block set welcome,17
83,job hostname fail fail scheduler,47
84,outlook work crm issue,0
85,observe alert monitoring tool since shop floor app report status lcosm able ping server user karansb ping company com byte datum reply time ttl statistic packet send receive lose loss approximate round trip times milli second minimum maximum average,4
86,abende job scheduler,48
87,job fail scheduler,48
88,trouble get erp sale info figure field pull report cmp application eng suthye kinght stuarthsyt put ticket get fix,48
89,provide network access right fuydxemo fntmbpla match tyyhtuler hiyhtull hello could please like person name hiyhllt manager user vnjwsadx iltywzjm fidleyhtjp well,4
90,hostname average sample disk free warning threshold total size since,4
91,job fail scheduler,48
92,outlook respond error need password,0
93,please provide access drive view drawing live,4
94,bio update,0
95,type outage network circuit power please specify top cert site yes start schedule maintenance company provider maint ticket backup active contact notify phone email remote dial equipment reset verify work vendor global telecom verizon gsc start additional diagnostic,47
96,install company barcode ewew,17
97,vendor create report usa carve unable save local use erp gui solution must provide immediately soon delay project description form vvgtybyrn run need unconverted text open excel make formatheywting change send team lead run uacyltoe hxgaycze programdnty attach transaction can not machine try thumb drive also unsuccessful somewhere network someone format another idea accomplish would great,4
98,job fail scheduler,47
99,machine stick welcome screen,0
100,job fail scheduler,47
101,hell next issue bob work account well,48
102,canner metroligic calculator defective zedlet,17
103,setup new,17
104,node hostname locate germany since,4
105,amssm windows disk space utilization alert utiliuytretion currently available,4
106,access report report tool however none lookup sort feature available field upper right corner allow manipulate show blank screen shot please refer attachment,48
107,please provide access mtb sale drive clarification call back well,4
108,aetwpiox eijzadco unable login ess portal please reset password send new manager shynhjundar emp name useid vvttraja,0
109,"access mail account via iphone block entire account , must delete re - create",17
110,type outage network circuit power please specify top cert site yes start schedule maintenance company provider maint ticket backup active contact notify phone email remote dial equipment reset verify work vendor global telecom verizon gsc start additional diagnostic,47
111,computer update start ewew,17
112,host hostname disconnect vsphere,4
113,job fail scheduler,48
114,receive call music play one answer interaction,0
115,user virakv ping awysv ping company com byte datum request time statistic packet send receive lose loss,4
116,map network drive,0
117,try use windows login password work,0
118,"hello marfhtyio lose schulzgth folder public hostname drive , get back put department distribution form many thank advance , kind",4
119,pick old equipment,17
120,job fail scheduler,48
121,please set scanner printer reset factory setting konica,17
122,job bkbackup tool sql prod full fail scheduler,47
123,abende job scheduler,47
124,job sid arc fail scheduler,47
125,dear helpdesk vacation briefly leave change password require seem main window log still old outlook sype etc already new also company right usually com account appear need do site network another week,0
126,password expire please reset iphone,17
127,name schtrtgoyht language browser microsoft internet explorer customer number telephone ext summary server get full find erase last long help ldsm,4
128,user virakv ping hostname company com ping byte datum request time statistic packet send receive lose loss,4
129,source system name hostname santiago south amerirtca backup exec server user uidgt olibercsu olvidley location sm status see field sale yes dsw event log content version fmxcnwpu tcwrdqboinition version sequence host integrity available reputation setting portal list intrusion prevention signature power eraser definition revocation engine sonar extended file attribute signature symantec permit application incident overview detect least occurrence firewall company internal asa com drop traffic source destine port one destination device activity indicate follow infection misconfigured scan authorize unauthorized escalate via high priority ticket phone call per default handling procedure would like handle incident differently future option question concern please let know either correspond delegate back soc call escalation alert block explicit notification medium automatically resolve event report purpose sincerely dell secureworks technical detail historically various worm malware use port propagate example include blaster worm msblast lovsan welchia nachi reatle microsoft epmap end point mapper also know dce rpc locator service netbio datagramdnty session smb share additional information good practice find site reference datum relate summary outbreak tcp time device extra inspectorruleid sherlockruleid cvss ontologyid srchostname eventtypeid ctainstanceid foreseeglobalmodelassessmt unknown irreceivedtime foreseemalprobglobalmodel inspectoreventid eventtypepriority proto dstport action ileatdatacenter true foreseemaliciouscomment globalmodelversion null empty model foreseeinternalip logtimestamp agentid foreseeconndirection srcassetofinterest srcport occurrence count detail inbound connection deny flag syn interface inside deny src dst outside access group acl xedbf sartlgeo lhqksbdx xacbc,4
130,problem,17
131,team go ess file check thing ytd screen show report tab log vpn please assist get english sale engineer,48
132,extract file request use rscrm bapi,48
133,job fail scheduler,48
134,unable sign vpn,0
135,job tool netch fail scheduler,47
136,job fail scheduler,48
137,install win ewew,17
138,install drucker ewew,17
139,hello refer screen shoot error warm,0
140,ticket employment status new non employee enter user name,0
141,job fail scheduler,48
142,please assign bill necessary permission open drawing see attachment,4
143,job bkwin hostname inc fail scheduler,47
144,job fail scheduler,48
145,conversion computer ewew port,17
146,job fail scheduler,48
147,problem outlook,17
148,engg work bench login issue,0
149,job bkbackup tool powder prod full fail scheduler,47
150,job fail scheduler,47
151,job bwdpmbkp fail scheduler,48
152,unable log window,0
153,please complete required question return back gsc requester provide information review ticket able resolve assign appropriate group per printer problem assignment flowchart name make model printer detailed description say install driver print type document print email excel word etc system application use time system respond ping command network power cycle complete yes erp output reroute another temporarily document correctly scan copy attach ticket tool,4
154,abende job scheduler,48
155,job fail scheduler,48
156,incident overview detect least occurrence firewall company internal asa com drop traffic source hostname destine port one destination device activity indicate follow infection host misconfigure scan authorize unauthorized escalate via high priority ticket phone call per default event handling procedure would like handle incident differently future see option question concern please let know either correspond delegate back soc call escalation alert block explicit notification medium automatically resolve portal event available reporting purpose sincerely securework technical detail historically various worm malware use port propagate example include blaster worm msblast lovsan welchia nachi reatle microsoft epmap end point mapper also know dce rpc locator service netbio name datagramdnty session smb file share additional information good practice find site reference datum relate summary outbreak tcp occurrence count connection source apusm directionality protocol device log time utc action cvss score scwx processing sherlock rule sle inspector ontology type agent detail inbound deny flag syn interface inside,4
157,dear get information since last sale engineer receive push report like open quote report etc someone please check let know happen,48
158,job fail scheduler,48
159,skype audio work,0
160,job fail scheduler,47
161,reset password,4
162,problem printer queue currently run,17
163,job fail scheduler,47
164,job fail scheduler,47
165,old semi - automatic apparently turn heat power pack turn,17
166,job fail scheduler,47
167,backup computer lasplant,17
168,windows account lock,0
169,receive report tool alert hostname company com connect,47
170,problem screensaver,17
171,lean tracker working,0
172,abende job scheduler,48
173,provide access hnynhsth jsuyhwssad user pragtyhusas network folder hostname transition infrastructure security operation,4
174,ebhsm volume label dat dcc server space consume available,4
175,please restore personal drive adelhmk soon possible unavailable server migration,4
176,"hello mr . dwfiykeo argentxmvcumar help team , please synchronize two network , must identical , datum currently correct , many thank advance , sincerely , mafghyrina ntner specialist share service company gmbh gesch ftsf hrer",4
177,monitor disk fail localhost outside expect limit true,47
178,erp sid lock,0
179,job fail scheduler,48
180,problem batch management,17
181,mouse break,17
182,job sid hotf fail scheduler,47
183,regenerate computer ewewewew,17
184,unable update password use password management tool link,0
185,printer uacyltoe hxgayczeraum knicrhtyt paper,17
186,abende job scheduler sid cold,47
187,support konnica,17
188,good day already issue ticket please address aerp reset windows password rhgteini,0
189,job sid arc fail scheduler,47
190,upload monthly report sid hana table zmc,48
191,job fail scheduler,48
192,job fail scheduler,48
193,setup new,17
194,tool ewew work,17
195,job fail scheduler,48
196,type outage network circuit power please specify top cert site yes start schedule maintenance company provider maint ticket backup active contact notify phone email remote dial equipment reset verify work vendor global telecom verizon gsc start additional diagnostic,47
197,hard disk failure esxi host atjsv,4
198,node hostname locate usa since due power flap check site admin business hour,47
199,problem information stand ewew,17
200,computer information stand defective problem,17
201,hello marfhtyio activation srgtycha clear rd please activate bxgwyamr hjbukvcq personalnr well thank advance mfg reinhard send wednesday regard access right would like approval greeting kind regard well,4
202,hello please jannek ndle access department education folder well,4
203,job bkwin hostname inc fail scheduler,47
204,hello follow staff need access stand history skv alicona kudhnyuhnm kesrgtyu rockehsty koiergyvh simekdty comparison beckshtywsnh beckshtyw,17
205,iphone crm app install,0
206,hello computer workplace get way show blue screen white writing please take look site,17
207,job fail scheduler,48
208,can not launch add lean event icon collaboration platform request install microsoft version attach error reference,0
209,job fail scheduler,47
210,job bkbackup tool powder prod full fail scheduler,47
211,password logon long possible many fail attempt,0
212,report working show datum laurent open within report tool browser link use follow site certify content view dailyorderbillingreport mtd ctry iid output per attach,48
213,setup new,17
214,volume label dat rqxsm dced server space consume available,4
215,hello drwfubia per conversation two case unable change password erp system reset daypay know ticket assign create someone else please reassign accordingly cphemg sid account lock login possible,0
216,job fail scheduler,48
217,job tool netch fail scheduler,47
218,hostname status company com expect red,4
219,access sid,0
220,follow sale manager can not see manager view business object explorer tcflirwg ojflyruq thryd athrdyau vksfrhdx njhaqket please check security setting respect bobj,48
221,hostname epmsystem exe wrong number instance process expect find,4
222,job sid arc fail scheduler,47
223,job fail scheduler,48
224,hostname label dat deb server space consume available,4
225,hello need new decent mouse hre sch bring we short notice nnuacyltoe hxgaycze,17
226,setup new,17
227,robot lhqwsf usa inactive since,47
228,please provide read write access follow folder drive coating data base database production day wise month computer name user detail per list slno system number awyw awysinic sbfhydeep kurtyar grind operation,4
229,job fail scheduler,47
230,problem laser,17
231,job fail scheduler,48
232,nwfodmhc exurcwkm tiyhum kuyiomar request reset microsoft online service password rodny please change,0
233,install pulverleitstand,17
234,job bkwin hostname inc fail scheduler,47
235,hello enter bobj able look space see screenshot error enter space sale manager company western europe,48
236,job fail scheduler,47
237,interface fastethernet cisco aircap company usa idf access com since,47
238,lhqsm patch antivirus prod node locate usa since,4
239,hpqc uacyltoe hxgaycze installation,0
240,setup tool,17
241,dsw incident overview detect least occurrence firewall company european asa com drop traffic source hostname destine port one destination device activity indicate follow infection host misconfigure scan authorize unauthorized escalate via high priority ticket phone call per default event handling procedure would like handle incident differently future see option question concern please let know either correspond delegate back soc call escalation alert block explicit notification medium automatically resolve portal event available reporting purpose,4
242,unable log supply chain software,0
243,please drive germany calculation program tym restore backup file stp date need give production information,4
244,hostname volume label sys ceea server space consume available,4
245,please reset supply chain software password,0
246,noticed alarm report tool warning threshold need check,47
247,early start chat rakthyesh pull report though hana select analysis tab refresh thing go display need filter template add plant would select box empty see attach something ask close reopen reopen go able refresh filter fix still try white see long show hit could spreadsheet say ticket copy buy need run send email go back chance problem please correct customer service supervisor cec infrastructure,48
248,job fail scheduler,47
249,ticket update inplant,0
250,job fail scheduler,4
251,job fail scheduler,47
252,unable launch citrix error message atttache,4
253,uacyltoe hxgaycze,4
254,abende job scheduler bkbackup tool report prod inc,47
255,job fail scheduler,48
256,office word issue,0
257,ticket update inplant,0
258,account lock summary computer,0
259,job fail scheduler,47
260,job fail scheduler,48
261,job fail scheduler,48
262,hostname volume label dat deb server space consume available,4
263,hello monitor ahmet materiallager cause problem please take look,17
264,install hardcopy ewew,17
265,impact award login issue,0
266,job fail scheduler,48
267,incident past two day can not access email collaboration platform fix issue occur,0
268,setup new computer repair,17
269,hostname average sample disk free warning threshold total size,4
270,support alicona,17
271,type outage network circuit power please specify top cert site yes start schedule maintenance company provider maint ticket backup active contact notify phone email remote dial equipment reset verify work vendor global telecom verizon gsc start additional diagnostic,47
272,job sid arc fail scheduler,47
273,cksetzung der passw rter account vvwtyeidt vvftgors vvnergtubj vvthygschj,0
274,good morning request access file,4
275,install drucker oziflwma nhgvmqdl,17
276,job fail scheduler,48
277,password reset,0
278,computer erode machine defective,17
279,job fail scheduler,48
280,team mss access miss need raise job requisition please help fix tiffrtany tafgtyng manager share services asia pacific select follow link view disclaimer alternate language,0
281,bex addin show environment sid etc unable add instal patch issue happen erp logon also later manually add different please check got dierppeare without make change refer screenshot computer name lhql,48
282,user want download software share collaboration platform connect system use teamviewer help local issue resolve,0
283,good day problem crm system open prompt password seemor current month outlook appear screen kind,0
284,user profile seem messed server create try investigate monitoring tool issue come across error message attach screenshot please,4
285,dear team please usa read write access follow two folder dnqdqld hostname department personal file pesonal,4
286,job conf fail scheduler,48
287,amssm label sys server space consume available,4
288,hello try get erp search explorer analytic blank screen come problem,48
289,ticket update inplant,0
290,hello copi training room also break minolta please look,17
291,job fail scheduler,48
292,dear sir madam needful regard subject matheywter message show wrong user password fyi warm,0
293,job fail scheduler,47
294,problem printer uacyltoe hxgayczeraum reinhard ger,17
295,name maaryuyten language browser microsoft internet explorer customer number telephone summary bobj acce welcome next available agent shortly interaction alert website visitor join conversation log error message get dwfiykeo argtxmvcumar hello well understand issue would like take look computer teamviewer please click sre still yes see issie let screen shoot assign erp,48
296,backup statistic session queue time hour complete disk agent fail abort total medium mbyte use agent error job bkwin hostname inc scheduler,47
297,job bwdpmbkp fail scheduler,48
298,gdhyrts muggftyali sadghryioshkurtyar hiremath stefyty parkeyhrt low disk space lhqsid drive nagfghtyudra sadghryiosh check access tomorrow dot net application deployment realize run free request help clear temporary file add need approval move drive require,4
299,setup new ewew,17
300,pick old equipment cad monitor,17
301,restart service lhqsid server phone,4
302,lhqsm kas hfyujqti jdcbiezx average sample disk free warning threshold total size,4
303,job fail scheduler,48
304,zdsxmcwu thdjzolwronization issue,0
305,login kas company com try start tess app receive error message contact designes scandinavia fortive please needful,4
306,ticket update,0
307,unable login erp please needful,0
308,support thrydsss funke,17
309,job snp heu regen fail scheduler,47
310,reinstall tool und hardcopy,17
311,abende job scheduler,47
312,please reference inc another vendor vvnookr involve usa carve project need save file local add exception group nicrhty edmhihryu approve necessary,4
313,wesley tomlin wilsfgtjl verboncouer markhty verboma current manager need change mapping chefgtnp mason bengtjamin masonb,48
314,account lock password reset,0
315,setup new strahlraum,17
316,job fail scheduler,4
317,job fail scheduler,47
318,job fail scheduler,47
319,good afternoon difficulty look top notch drawing keep get time error screen come cvn page direct follow see sure permission problem erp way could shed light get try look,0
320,hello use several time past reason today function properly get point choose table load freeze say respond really need work job please help,48
321,job fail scheduler,48
322,job fail scheduler,47
323,job sid arc fail scheduler,47
324,setup new,17
325,kabel vga tauschen,17
326,support umbau port,17
327,abende job scheduler sid cold,47
328,skype load phone problem last week,0
329,probleme mit tool,17
330,try open configurator company center engineering tool get error please advise cmp application eng,4
331,monitor defective,17
332,job fail scheduler,48
333,job fail scheduler,48
334,sign error lync,17
335,job fail scheduler,47
336,"hello please set read write permission user maerza staebefertigung leitung folder , thank",17
337,problem erpgui,17
338,hello need access quality folder lan drive usa,4
339,sandir usa interface since,47
340,india switch company ind stack since,47
341,hello datum dierppeare bex productmanagement master find reason anybody change key figure name sale revenue total addition new net value nobody inform change different content two figure immediately need back report work well,48
342,job sid filesys fail scheduler,47
343,job fail scheduler,48
344,job fail scheduler,48
345,critical lhqsid company com time ipc failure read net message read error system connection reset peer abort job fail scheduler,47
346,company email personal smartphone,0
347,optiplex messmachine berirtch zedghkler,4
348,job fail scheduler,48
349,user able see text mail iphone,0
350,laserjet copier show error message transfer unit miss,17
351,please reset password sid block login jdhdw,0
352,hostname respond since,4
353,job fail scheduler,48
354,job fail scheduler,47
355,job sid filesys fail scheduler,47
356,ticket update inplant,0
357,problem computer ewewx,17
358,everytime want set filter report tool datum source publish otc billing get error message,48
359,job fail scheduler,48
360,job fail scheduler,47
361,hello prepare monthly inf mbr report need access run top customer andend markhtyet report tool put month quite urgent site certify content view mbrreporte engineering topcustomersendmarkhtyet iid,48
362,hostname oracle finance app financial management web tier epmsystem service monitor,4
363,job fail scheduler,47
364,swap printer gogtyek,17
365,hostname average sample disk free warning threshold total size,4
366,job fail scheduler,47
367,job fail scheduler,48
368,drive encryption attention need,0
369,hello need help aerp outlook stop work,0
370,please set back document status dispo production times work planner controller coating cutting plate pvd metaplas system xls,4
371,job bwhrattr fail scheduler,48
372,calculator ngen measure machine uacyltoe hxgayczeen,17
373,want give utislgov fetaqndw access hostname department drive,4
374,account lock,0
375,install pdfmailer,17
376,laptop blue screen,0
377,problem erpgui,17
378,information ngprt printer name,0
379,dob report site certify content view dailyorderbillingreport day iid need subscribe option can not see screen,48
380,name kirathrydan language browser microsoft internet explorer customer number telephone summary attendance tool password forgot,0
381,lhqsm fim production miiserver exe wrong number instance process expect gte find time e,4
382,telephony software configure,0
383,install win ewew,17
384,job sid hotf fail scheduler,47
385,rakthyesh ramdntythanjesh mikhghytr rhoade ticket acce paystub etime good morning safrgyynjit user call service desk request expedite case request issue priority assist kind,0
386,job fail scheduler,48
387,unable submit discount form,0
388,type outage network circuit power please specify top cert site yes start schedule maintenance company provider maint ticket backup active contact notify phone email remote dial equipment reset verify work vendor global telecom verizon gsc start additional diagnostic,47
389,problem print measure machine,17
390,dear sir madam space available grind drive please provide additional early,4
391,call come music nothing else,0
392,hello help please restore excel file drill catalog home drive solid carbide drill eagclhome martif yesterday,4
393,type outage network circuit power please specify top cert site yes start edt schedule maintenance company provider maint ticket backup active contact notify phone email remote dial equipment reset verify work vendor global telecom verizon gsc start additional diagnostic,47
394,job fail scheduler,48
395,type outage network circuit power please specify top cert site yes start est schedule maintenance company provider maint ticket backup active contact notify phone email remote dial equipment reset verify work vendor global telecom verizon swisscom gsc start naa additional diagnostic,47
396,job fail scheduler,47
397,setuplaptop sandstrahlger und roboworker,17
398,name employee need access wdwddw wwdyuan yqddquanw number file locate operation drive sub draft itar set guy lay,4
399,computer optiplex defective ewew,17
400,job fail scheduler,48
401,job fail scheduler,47
402,problem portal,17
403,pick old equipment,17
404,job fail scheduler,4
405,time recording work quality management,17
406,type outage network circuit power please specify top cert site yes start schedule maintenance company provider maint ticket backup active contact notify phone email remote dial equipment reset verify work vendor global telecom verizon gsc start additional diagnostic,47
407,job sid filesys fail scheduler,47
408,erp sid password reset,0
409,hello system disk server hostname full please check virtual center,4
410,job fail scheduler,48
411,unlocked account todd able get successfully,0
412,blank call germany interaction,0
413,current file corrupt working server name dat hostname,4
414,abende job scheduler,48
415,setup new computer old forge,17
416,wiksufty jimdghty manager believe user need change zazrtuld carmer craigfgh cardfrmeca please confirm change wilsfgtjl povich trtgoy mgr povictcfgt current andrdgrtew mohnrysu mapping mondhrbaz johthryu marftgytin magtyrtijc,48
417,password change sign skype dell happen require access computer delete file tommyth duyhurmont channel partner sale engineer company inc www com,0
418,hello team abdhtyu account lock could please check,0
419,please set release skv alicona,4
420,job fail scheduler,48
421,computer measure device steli work,17
422,reset ess password,0
423,please provide pos data month,48
424,abende job scheduler,48
425,job fail scheduler,48
426,setup ewewx,17
427,setup new strahlraum fyedqgzt jdqvuhlr,17
428,node ldiwsf locate usa village since,47
429,see attached workbook require refresh msc requirement,48
430,hello team write request change date couple citrix user eastern time usandcanada eet european changed vrtvpopc vvrnrtacri vvrtgffada vvrurtgsur vvrtyjakaa vvrtymitrd vvdeftmea vvbgrtyeleb vvcodgtjud vvggrthhibg could please kind perform change let know additional information require side,4
431,setup new,17
432,dear another report view often change make reflect territory miss several distributor please see screen shoot sale manager west coast,48
433,windows account lock,0
434,setup new gonzale,17
435,dear hana report refresh help check specialist accounting reporting,48
436,problem printer local,17
437,setup new,17
438,erp sid password reset,0
439,"access internal hard drive , printer server",4
440,contract management employee publication,48
441,please unlock user vvamrtryot environment sid seem still lock everything fine,0
442,trhsy hrydjs would like recall message incident ticket assign,48
443,hostname label dat ebcd space consume available,4
444,job tool netch fail scheduler,47
445,rqxmaindept account keep getting lock please unlock,4
446,shesyhur posrt inc uacyltoe hxgaycze message hello check issue report previously upgrade user get email hxgayczee configuration please aware part safely delete,0
447,monitor defective ewew pvd bur orde,17
448,probleme mit tool,17
449,moin marfhtyio please mr lzuwmhpr riuheqsg allow drive department hostname distribution form thank kind,4
450,unable login erp sid,0
451,error can not authenticate user soap fault detail endpoint connection available hostname company com fail create nfc download stream path job scheduler,47
452,unable sign skype,0
453,hostname volume disk consume,4
454,entire location germany network user mention application erp outlook internet intranet,47
455,"please create folder team drive rth name full access rtgdcoun pngufmvq efodqiuh tpfnzkli rcwpvkyb exgjscql gabryltke sch thank human resource company share service gmbh manager message solely intend use addressee may contain information proprietary confidential exempt disclosure applicable law redistribution , distribution reproduction communication person recipient strictly prohibit receive inadvertently notify sender send notice post select follow link view disclaimer alternate language",4
456,problem cad,17
457,job fail scheduler,47
458,lhbsm disk free warning threshold,4
459,problem,17
460,report tool alert average sample disk free warning threshold total size,48
461,install zebra,17
462,abende job scheduler,48
463,hello team one company user sometimes error message think erp server connection issue solution show happen access stop xmgptwho fmcxikqz takeshi asano,48
464,dear someone please check new sale employee name show plan actual bobj report let know also see name people automatic routine,48
465,unable connect network drive vpn,0
466,identify unavailable via esrs monitor service connectivity,4
467,tool unable connect server time recording work instal user telefon,17
468,job fail scheduler,47
469,job fail scheduler,48
470,problem outlook,17
471,computer ewewx olympus access hostname tool equal,17
472,hello please helo subject matheywter pls see snapshot,0
473,light back one file server site blink part plant access network resource please help check local hostname lrrsm contact,4
474,job fail scheduler,4
475,sinic general error odbc vmsliazh ltksxmyv driver query timeout,17
476,problem kiosk bur order,17
477,hello kindly request give access drive globalengservice,4
478,hostname volume consume disk,4
479,job fail scheduler,48
480,support umbau ewew,17
481,reinstall company barcode ewew,17
482,job fail scheduler,48
483,job fail scheduler,48
484,support osterwalder,17
485,job fail scheduler,48
486,job fail scheduler,47
487,job sid filesys fail scheduler,47
488,job bwhrertran fail scheduler,48
489,setup new,17
490,require additional memory drive server hostname please check attachment,4
491,database can not open yet previously restart,4
492,problleme mit tool,17
493,unlocked erp password,0
494,job fail scheduler,47
495,dear team good morning please provide full control access path member markhtye department hostname file scorecard india iscl update sagfhoshgzpkmilu skwbuvjyheelavant fahdlecz erathyur culixwse pmrvxbnjhivaramdntyaiah,4
496,job payroll fail scheduler,47
497,job fail scheduler,47
498,network scan available please den,17
499,increase ramdnty hostname server,4
500,erp sid password reset,0
501,remappe,0
502,hello please install lauacyltoe hxgaycze version flash player system get message show try complete ethic course collaboration platform site,0
503,problem erpgui ewewx,17
504,unable access hostname,4
505,setup new,17
506,abende job scheduler,48
507,cable vga defective banknote,17
508,job fail scheduler,48
509,job fail scheduler,48
510,install pdf mailer,17
511,support calculator measure device,17
512,job fail scheduler,48
513,abende job scheduler,47
514,node lhqsm locate usa since,4
515,job fail scheduler,48
516,outlook work,0
517,type outage network circuit power please specify top cert site yes start schedule maintenance company provider maint ticket backup active contact notify phone email remote dial equipment reset verify work vendor global telecom verizon gsc start additional diagnostic,47
518,job bwhrattr fail scheduler,48
519,setup new,17
520,job fail scheduler,47
521,node lhqsv locate usa since interface sandplant sandir,47
522,hostname oracle finance app financial management web tier epmsystem service monitor,4
523,hello system disk server hostname full please check issue week ago ticket inc identify solve cause problem impact virtual center,4
524,abende job scheduler,48
525,gigabitethernet shopfloor schuette company deu germany emsw access since,47
526,job fail scheduler,48
527,unable connect vpn,0
528,erp sid password reset request,0
529,job fail scheduler,47
530,interface fastethernet vlan lhqwxsf company usa switch access com,47
531,job fail scheduler,47
532,bex report produce size instead proper reporting xsdb credit suppose run month along dashbankrd report last couple month empty happen previously please correct available next global use area compensation,48
533,problem erpgui ewewx,17
534,job fail scheduler,48
535,mithyke tayjuoylor arithel shfsako get error try open add lean event button pcs,0
536,job fail scheduler,47
537,please unlock sebfghkasthian account wirftejas,0
538,jayatramdntydba cvyg nwfodmhc exurcwkm bhayhtrathramdnty mamilujli amihtar lalthy ticket new non employee gurublxkizmh nvodbrfluppasadabasavaraj vvkuthyrppg hello guruythupyhtyad still able open folder mtb project mgmt servicing please look subject provide access well,4
539,drive respond mount requests library,47
540,job bkbackup tool powder prod full fail scheduler,47
541,job fail scheduler,48
542,job fail scheduler,48
543,head set input jack long ask question plug,0
544,hostname average sample disk free,4
545,probleme mit archiving tool,17
546,hostname tool tax interface app total cpu error threshold,4
547,computer measure device steli work zedlet,17
548,setup calculator ewew,17
549,interface switch company deu germany emsw access since,47
550,able login window,0
551,computer viotto work,17
552,need check payslip,0
553,abende job scheduler,48
554,source system name hostname new destination lmxl device username ztnfhiwq njpwxmdi iba location mexico sms status update field sale user yes dsw event log see datum relate event summary internal outbreak tcp time att singapore asa company com extra inspectorruleid sherlockruleid cvss ontologyid srchostname eventtypeid dsthostname ctainstanceid irreceivedtime inspectoreventid proto eventtypepriority dstport action block ileatdatacenter true foreseemaliciouscomment null empty model find evaluationmodel ngm foreseeinternalip logtimestamp agentid foreseeconndirection srcassetofinterest srcport occurrence count detail deny src inside dst outside access group acl,4
555,attempt view sale datum erp row beyond limited number filter still remove show information fix,48
556,job bkwin hostname inc fail scheduler,47
557,job fail scheduler,48
558,email spam query,0
559,job fail scheduler,48
560,install company barcode ewew,17
561,job fail scheduler,48
562,job fail scheduler,48
563,problem fuser unit,17
564,job tool netch fail scheduler,47
565,job fail scheduler,47
566,major lib drive time dev rmt can not write device error job sid hot fail scheduler,47
567,support umzug,17
568,password lock erp sid,0
569,job bkbackup tool report prod full fail scheduler,47
570,outage erp sid,0
571,inquiry lotus note,0
572,printer work,17
573,hello want connect workstation printer germany follow screen shot say need permission system administrator many,0
574,setup new,17
575,hostname tool tax interface app average sample total cpu error threshold,4
576,can not connect hostname engineering application go company vpn access server office remotely com,4
577,hello computer shift foreman gabryl tk byczkowski stankewitz defective please come,17
578,dsw incident overview detect least occurrence firewall company internal asa com drop traffic source hostname destine port one destination device activity indicate follow infection host misconfigure scan authorize unauthorized,4
579,hostname average sample disk free warning threshold total size,4
580,job tool netch fail scheduler,47
581,job fail scheduler,47
582,reinstall tool ewew,17
583,data backup und restore,17
584,network drive loading,4
585,outlook issue yesterday take hour load afterit slow today open anymore please check,0
586,hello sandrgru please check gui setting sid,0
587,analysis add getting disable,0
588,query send skype meeting,0
589,abende job scheduler,48
590,windows account lockout,0
591,usb verl ngerungskabel liefern,17
592,lehsm since,4
593,launch try open safe mode reset disable window feature fail disable reboot system work fine,0
594,abende job scheduler,48
595,abende job scheduler,48
596,type outage network circuit power please specify top cert site yes start schedule maintenance company provider maint ticket backup active contact notify phone email remote dial equipment reset verify work vendor global telecom verizon gsc start additional diagnostic,47
597,need common place online storage complete machine assembly model one presently drawing individual designer pcs retrieval difficult day machine design datum handle go control separate drive administrative save view periodic back archive store,4
598,hostname average sample disk free warning threshold total size,4
599,outlook open stuck screen show processing,0
600,lhqsm hrsync sync fail detect last hour please investigate,4
601,attachment show skype version etc able join meeting time due problem company usa facility,0
602,job fail scheduler,47
603,install kis ewew guvgytniak,17
604,please provide read write access frseoupk feluybrn karghytuthik follow network folder hostname grinding,4
605,mechmet hswddwk company sllwdw tel email period til tomorrow,0
606,job tool netch keheu fail scheduler,47
607,type outage network circuit power please specify top cert site yes start schedule maintenance company provider maint ticket backup active contact notify phone email remote dial equipment reset verify work vendor global telecom verizon gsc start additional diagnostic,47
608,user unable connect network drive hostname server also reachable,4
609,backup tool lhqsm take hour release snapshot end look advise problem,4
610,windows account lockout,0
611,abende job scheduler,48
612,windows account lock,0
613,job fail scheduler,48
614,job fail scheduler,47
615,skype personal certificate issue,0
616,erp sid account unlock,0
617,windows account lock,0
618,setup new,17
619,unfortunately can not log computer . error message . relationship trust workstation prim ren dom could establish,17
620,contact,0
621,physical backup server hostname find disk fail attach screenshot offline miss virtual drive drac,4
622,happen every time try filter customer number bex hana use system primarily otc billing think issue regard client try filter copying pasting also import text file result idea fix error find log reference,48
623,"good morning , please set read / write permission staff production folder , thank you , friendly child",17
624,install win ewew,17
625,receive email inin try ping server respond media disconnect company inc cthaasnoc network operations center noc alert via proactive monitoring follow open incident track close connectivity establish please verify power device follow provider troubleshooting affect infrastructure dengic location united states indgic additional information trghwyng route lpapr maximum hop sartlgeo lhqksbdx request time question regard notification contact support team number list sincerely interactive intelligence blast mailbox monitor call phone communication,47
626,hostname come weekly reboot note recently hdd power supply replace server user karashsnnsb ping pinging company com bytes datum request time statistic packet send receive lose loss,4
627,job fail scheduler,48
628,restart company service hostname,47
629,job fail scheduler,48
630,hallo ben tige eine zahlenblock tastatur linke hand,17
631,please restart server aerp check work tool work germany plant partner vacation,4
632,setup new,17
633,skype certificate error,0
634,type outage network circuit power please specify top cert site yes start schedule maintenance company provider maint ticket backup active contact notify phone email remote dial equipment reset verify work vendor global telecom verizon gsc start additional diagnostic,47
635,pobleme mit combi,17
636,want check email spam,0
637,hostname bobj cpu load server high currently utilization since,4
638,job fail scheduler,4
639,hostname volume consume,4
640,type outage network circuit power please specify top cert site yes start schedule maintenance company provider maint ticket backup active contact notify phone email remote dial equipment reset verify work vendor global telecom verizon gsc start additional diagnostic,47
641,defective fiber optic cable box,17
642,type outage network circuit power please specify top cert site yes start schedule maintenance company provider maint ticket backup active contact notify phone email remote dial equipment reset verify work vendor global telecom verizon gsc start additional diagnostic,47
643,job fail scheduler,48
644,system bankrd inlet temp alert hostname ambient lpa attach screen shoot windows event viewer log,4
645,job sid arc fail scheduler,47
646,problem java,17
647,job sid arc fail scheduler,47
648,hello mr bghakch need network cable teleservice roboworker stay permanently connect,17
649,back tape eject today unable switch tape previously switch daily,4
650,brauche freigabe skv alicona,4
651,blank call,0
652,hostname volume drive server space consume available,4
653,job hostname fail fail scheduler,47
654,dear someone please check fix problem sale rep report report available bobj check also get error message,48
655,screen print attach highlight field list spreadsheet provide live sid example review incase be not aware raghfhgh gowhjtya ticket comment add question please let know,48
656,setup new,17
657,"hello scanning , printer find preset address , good",4
658,hello way remove information desktop screen,0
659,windows disk space utilization alert hostname,4
660,job fail scheduler,48
661,india kirty packet drop telecom vendor link since,47
662,job fail scheduler,48
663,job fail scheduler,47
664,dear sir laptop currently version microsoft outlook kindly help get lauacyltoe hxgaycze well,0
665,abende job scheduler,48
666,reinstall office,17
667,check slow computer,17
668,help change windows password use management tool connect user system teamviewer login manager password sync pssword company network caller confirm able issue resolve,0
669,setup ewew,17
670,job bwhrerattr fail scheduler,48
671,finance app hfm server reporting status hostname since e,4
672,volume label dat hostname server space consume available,4
673,type outage network circuit power please specify top cert site yes start schedule maintenance company provider maint ticket backup active contact notify phone email remote dial equipment reset verify work vendor global telecom verizon gsc start additional diagnostic,47
674,setup new uhammet kuluz,17
675,type outage network circuit power please specify top cert site yes start schedule maintenance company provider maint ticket backup active contact notify phone email remote dial equipment reset verify work vendor global telecom verizon gsc start additional diagnostic,47
676,password reset management tool,0
677,dear please check bobj account get enclose error message try open report,48
678,problem outlook engracia gonzales fernandez,17
679,job fail scheduler,47
680,connection workstation server uxhq normal printing work unable print label fine win system issue printer wezeb barcode,17
681,probleme mit portal user gogtyekthyto,17
682,"hello help reset database mark plan stock report daily xlsx thank process planning company produktion gmbh manage director jofghyuach fabry communication sole use addressee may contain information copyright worthy confidential exempt disclosure permit applicable law , dissemination , distribution reproduction person intend recipient strictly prohibit receive mistake please notify sender notice post select follow link view disclaimer alternate language",17
683,job fail scheduler,47
684,pick old one,17
685,hello username ccghksdm use login company via citrix assume need delete user profile server please send ticket team account active directory lock manager gesendet dienstag oktober betreff password reset last prbsddqd do not work can not moment,4
686,job fail scheduler,48
687,abende job scheduler,48
688,windows password reset,0
689,job fail scheduler,47
690,india high latency packet drop,47
691,vip erp account lock user janhduh keehadfvkgaalen,0
692,password reset,0
693,try install license server new log onto appears unavailable pollaurid phlpiop manager engineering technology,4
694,problem print salary statement,17
695,job fail scheduler,48
696,type outage network circuit power please specify top cert site yes start schedule maintenance company provider maint ticket backup active contact notify phone email remote dial equipment reset verify work vendor global telecom verizon gsc start additional diagnostic,47
697,able switch tape week,4
698,problem mit bildschirmschoner den sinic stationen,17
699,data back germany,4
700,job hana sid arc fail scheduler,47
701,name language browser microsoft internet explorer customer number summary itry open excel file online work,0
702,need check email license production lead dwwkd wdjwd usa wdnwk wdwmd wdkfww whwdiuw wdnwwl kwfwdw wdkwdwd,0
703,type outage network circuit power please specify top cert site yes start schedule maintenance company provider maint ticket backup active contact notify phone email remote dial equipment reset verify work vendor global telecom verizon gsc start additional diagnostic,47
704,ticket update,0
705,update ticket,0
706,inquiry employee shesyhur posrt,0
707,job fail scheduler,48
708,anyway add network drive back computer send instruction computer,4
709,job fail scheduler,48
710,hostname kirty plm conversion production disk free,4
711,abende job scheduler,47
712,problem lan ewew,17
713,reply panjkytr please create case need possibility subscribe dedicated daily sale order report receive mti datum per email instead total industrial result consist combine tooling mit freundlichen grugermany well,48
714,erp print tool install,0
715,type outage network circuit power please specify top cert site yes start schedule maintenance company provider maint ticket backup active contact notify phone email remote dial equipment reset verify work vendor global telecom verizon gsc start additional diagnostic,47
716,internal error unable find process probe fail start command exe insufficient system resource exist complete requested service,4
717,erp sid account lock,0
718,please provide permission file department networking,4
719,job bwdpmbkp fail scheduler,48
720,abende job scheduler,48
721,pdf got convert accessible model dxf accesible,0
722,good morning please set read / write permission folder scan thank kind kid,4
723,job bkbackup tool csqe prod inc fail scheduler,47
724,job fail scheduler,48
725,job fail scheduler,47
726,password reset,0
727,problem computer remain ngen,17
728,volume label sys lhqsm server space consume available,4
729,please set user gogtyektdgwo correctly registration network drive miss,4
730,type outage network circuit power please specify top cert site slo min yes start schedule maintenance company provider maint ticket backup active contact notify phone email remote dial equipment reset verify work vendor global telecom verizon gsc start additional diagnostic,47
731,type outage network circuit power please specify top cert site yes start schedule maintenance company provider maint ticket backup active contact notify phone email remote dial equipment reset verify work vendor global telecom verizon gsc start additional diagnostic,47
732,job fail scheduler,47
733,erp sid account lokce,0
734,offline since,4
735,job fail scheduler,47
736,one spam mail please check,0
737,install bit version office blank production,17
738,windows disk space utilization alert hostname,4
739,hello please usa access add shryresh rdyrty share mail box investor relation kindly needful,4
740,vmware tool run server hostname reside host backup job fail,4
741,problem outlook,17
742,dsw incident overview see vid microsoft windows httpsys rce vulnerability exploit attempt cve mapp alert generate isensplant company com device indicate one host include attempt http sys remote code execution internet face successful exploitation result denial service condition vulnerable system escalate via high severity full escalation master ticket unblocked event relate create singular inbound threat effectively serve receive feedback handle go forward note block source address necessarily productive due attacker ability switch address use proxy anonymize software tor vpns please investigate environment determine whether run version application target ensure recent non device patch properly harden attack would like handle differently let know either correspond delegate back soc call number option available handle future autoresolve kernel driver directly portal explicit notification reporting purpose likely good choice medium priority phone call unique generate relatively large volume ticket,4
743,job fail scheduler,47
744,problem accespoint conference room find,17
745,job fail scheduler,48
746,keyboard break eewhse,17
747,note know datum activity column work center efficiency report accurate show high check order cost far also look strange tipset pull correct planned piece everything erp good pull order seem bad,48
748,can not start business client anymore see screenshot attach,0
749,job fail scheduler,48
750,contact summary bex show result soon limit time period sind approx min gneral issue moment need create report upper management get sale infomation select financial toolscal year toolcal month company overall value datum find staerte several time even reboot note urgent finally review tomorrow morning pull bunch check another colleague appear,48
751,dear problem new sale rep kujfgtat personnel get network companysecure please check setting call mobile,0
752,ticket update inplant,0
753,microsoft word stop work unable open file,0
754,install kis ewew,17
755,setup new,17
756,job zscr wkly rollfgyuej fail scheduler,47
757,brauche freigabe skv alicona,4
758,type outage network circuit power please specify top cert site yes start schedule maintenance company provider maint ticket backup active contact notify phone email remote dial equipment reset verify work vendor global telecom verizon gsc start additional diagnostic,47
759,key figure take bex analyzer sales revenue figure gets remove autamatically,48
760,apusm volume label dat hostname deb space consume available,4
761,job fail scheduler,48
762,blade chassis hostname report non critical hardware issue team new functionality feature monitor tool provide start monitorixepyfbga wtqdyoinware sensor receive alert iom sensor turn could please investigate advise,4
763,please complete required question return back gsc requester provide information review ticket able resolve assign appropriate group per printer problem assignment flowchart name make model prtoru hostname prtor detailed description print drvier need update driver state error processing type document print email excel word etc inwarehouse tool delivery note production order system application use time windows erp kls outlook respond ping command network power cycle complete sid hrp plm output reroute another temporarily document correctly scan copy attach ticket,0
764,please get user nuerthytzg access folder location hostname team globalengservice tcb file warm,4
765,setup computer information stand repair,17
766,please take snapshot vms manually hostname,4
767,hostname average sample memory usage error threshold swap warning,4
768,setup new,17
769,problem skype,17
770,hello helpdesk able connect vpn home office couple hour ago connect work anymore get message session expire click link nothing happen need help dynamics crm chat live agent regard question well,0
771,lcow show since e location new albaney engineering tool aggergrythator production server,47
772,ticket update inplant,0
773,msoffice installation,0
774,hello port ewew deliver correct please fen,17
775,sample refresh well,48
776,problem portal franjuz urbghty,17
777,job fail scheduler,48
778,abende job scheduler,48
779,job zscr wkly rollfgyuej fail scheduler,47
780,brauche eine neue funktionierende maus,17
781,average sample disk free warning threshold total size,4
782,unable connect companysecure,0
783,usa file server hostname fail hard drive,4
784,abende job scheduler,48
785,unable connect network printer ticket update inplant,0
786,job fail scheduler,47
787,job fail scheduler,48
788,try add change item get error list knethyen grechduy engineer product engineering company inc technology way usa www com,0
789,able apply job company portal external user,0
790,consultant unable login citrix attach error screenshot kindly needful,4
791,firewall warning software stop work,0
792,hello team could please support mdm issue via citrix application datum manager import work try upload catalog find error print screen attach,4
793,outlook continuously ask password,0
794,install company barcode ewew,17
795,unlock erp sid account,0
796,outlook work,0
797,interface fastethernet usa plant mpls since communication mbps circuit cccethxakm,47
798,lhbsm volume label dat ecc server space consume available,4
799,problem portal,17
800,computer ewew slow,17
801,job fail scheduler,48
802,sadghryioshkurtyar hiremath hostname old remove domain need access recently let know do power move storage,4
803,abende job scheduler,48
804,problem database tool,17
805,export contact outlook,0
806,ldism usa village claapdico robot inactive since,47
807,"hello colleague , please explain colleague diehm ask question , click can not log in , thank gru cid hardcopy",0
808,able click icon login citrix please refer screenshot,4
809,unable load outlook,0
810,support umbau ewew,17
811,name language browser microsoft internet explorer customer number telephone summary change login password management tool manger successful restart system outlook skype popping request log,0
812,setup new,17
813,occurence people get user authentication fail error tortm hortl howthrelte yqxlbswt eimhxowu tnhymatj unresolved ligsnzur smcxerwk grargtfl could please check root cause unlock operator password log mii report production lee able get password management tool try min see work other verify active directory try help tony minute resolve issue end shift,0
814,type outage network circuit power please specify top cert site yes start schedule maintenance company provider maint ticket backup active contact notify phone email remote dial equipment reset verify work vendor global telecom verizon gsc start additional diagnostic,47
815,able open analysis microsoft excel click log erp business object get error message say launcher exit see file detail add register correctly logfile folder dialog box way windows glf ask find programdnty,0
816,lhqsm kashfyujqti jdcbiezx disk free warning threshold total size,4
817,job tool netch fail scheduler,47
818,abende job scheduler,47
819,please release skv alicona,4
820,problem error,17
821,job fail scheduler,48
822,mys ptmjvysi vkrepcybwa please confirm change wilsfgtjl mikhghytr rushethryli talryhtir michghytuael tayloml current manager andrdgrtew mohnrysu need mapping mondhrbaz,48
823,hello need new decent mouse hre sch bring we short notice nnuacyltoe hxgaycze,17
824,hello next one month bedord usa request provide access drive ldbsm engineering application since take much time open document tool current path hostname kindly process aerp,4
825,job fail scheduler,48
826,abende job scheduler sid arc,47
827,yotyhga narthdyhy nwfodmhc exurcwkm file scan problem richoscan kindly request previous folder drive directly mtb floor somebody move please correct able scan file,4
828,abende job scheduler hana sid erp dly,47
829,job fail scheduler,47
830,type outage network circuit power please specify top cert site yes start schedule maintenance company provider maint ticket backup active contact notify phone email noi remote dial equipment reset verify work vendor global telecom verizon gsc start additional diagnostic,47
831,job fail scheduler,48
832,able get outlook keep get message tell stop work want restart safe mode repair send phone,0
833,contact need read write access folder ldgm lean network path hostname public,4
834,eror message refresh bex analysis error atache phone,48
835,job fail scheduler,48
836,abende job scheduler,48
837,logon server hostname possible loop welcome screen,4
838,try safe file sale order erp receive fallowe error occur upload knowledge provider,0
839,windows account lock,0
840,job fail scheduler,47
841,problem vpn,17
842,job snp heu regen fail scheduler,47
843,hostname team business sahtym wanthryg,4
844,type outage network circuit power please specify top cert site slo yes start schedule maintenance company provider maint ticket backup active primary contact notify phone email remote dial equipment reset verify work vendor global telecom verizon gsc start additional diagnostic,47
845,iom sensor chassis internal power supply report non critical alert could please investigate advise,4
846,daghyunny send deployment notification last week target list schedule morning please find attached email copy reference would concern,0
847,change password use manager lock erp use unlock still fail log engineering tool,0
848,india access go,47
849,unable access company password expire,0
850,hostname oracle finance app financial management web tier epmsystem service monitor java server,4
851,abende job scheduler,48
852,outlook launch,0
853,install win ewew,17
854,hostname disk volume space consume available,4
855,type outage network circuit power please specify top cert site yes start schedule maintenance company provider maint ticket backup active contact notify phone email remote dial equipment reset verify work vendor global telecom verizon gsc start additional diagnostic,47
856,account unlock,0
857,job fail scheduler,47
858,problem erpgui,17
859,hello provide business client authorization check download drawing employee,0
860,job sid arc fail scheduler,47
861,large zip file want download add folder hostname intellectual property unzip try save say enough space lryturhyyth ryhunan chief counsel,4
862,job fail scheduler,48
863,type outage network circuit power please specify top cert site yes start schedule maintenance company provider maint ticket backup active contact notify phone email remote dial equipment reset verify work vendor global telecom verizon gsc start additional diagnostic,47
864,job fail scheduler,48
865,dear sir mistake one folder hostname delete request retrieve well,4
866,problem vpn hrmann,17
867,error message,17
868,problem lan computer eroding machine,17
869,error message possible retrieve facet value start explore information space contain datum,48
870,picture book exchange printer,17
871,unable get audio skype meeting,0
872,reinstall hardkopy,17
873,power management query,0
874,hostname tool tax interface app average sample total cpu error threshold,4
875,job sid filesys fail scheduler,47
876,frequently defective computer video surveillance,17
877,switch company ind kirty coating access locate india since,47
878,set printer cvd der,17
879,model field publish otc quotes zcae quote performance value raw doc curr see round see attach screenshot convert usd sample currency document two field match,48
880,unable reach destination server offline,4
881,abende job scheduler sid cold,47
882,job sid arc fail scheduler,47
883,password reset,0
884,login issue verify user detail employee manager name check unlocked account advise check caller confirm able resolve,0
885,problem portal,17
886,apac company two switch since chn access,47
887,palghjmal able run softland client citrix show error loading application please see attach uacyltoe hxgayczeed get problem,4
888,job sid hoti fail scheduler,47
889,problem label print laser,17
890,job tool netch fail scheduler,47
891,job bwhrertran fail scheduler,48
892,defect pain bath bluetooth,17
893,job fail scheduler,47
894,new team manager detail update bobj report ess open bex refer screenshot still show old datum need reflect already erp phone sartlgeo lhqksbdx,48
895,job fail scheduler,48
896,job fail scheduler,48
897,job fail scheduler,48
898,job fail scheduler,47
899,job fail scheduler,48
900,hallo wir brauchen usb stick lehrjahr,17
901,job fail scheduler,4
902,unable login vcenter hostname vsphere client kindly check issue,4
903,abende job scheduler,47
904,abende job scheduler,47
905,please restore weste hostname file operational rule facility bonus docx thank much good,4
906,russia interface vlan engineering tool wharehouse lan company rus toolkuznetsk dmvpn rtr com,47
907,gso please unlock reset password lijsyte also send jinxyhdi luji,0
908,job fail scheduler,47
909,setup new instandsetzung,17
910,reinstall hardcopy und tool,17
911,install ewew,17
912,hello business decision recently make view mfg tooltion customer classification indirect sale go forward currently bex system classify direct please modify cust grp enhance field zcustgrp show customer use several hana report plan product management otc billing etc let know question well,48
913,ewew optiplex lager darda,17
914,hello can not login sid anymore see attachment please fix user hannas meixni,0
915,kindly usa access pagthyuathy afghtyjith new intern dot net team userid vvdfgtyuji,4
916,monitor tauschen,17
917,job fail scheduler,48
918,circuit outage company usa plant bld carb access switch since,47
919,setup rechner ewel thirteenth consulting,17
920,need erp password reset,0
921,job fail scheduler,47
922,company chn apac access mandc new plant location sicne,47
923,hallo ruchitgrr frau haug leider enth dieser report nur meine tsk positionen entsprechend der beschreibung sollte mein gesamte verkaufsgebiet alle abgebildet sein gru sale manager germany company deutschland gmbh urspr ngliche nachricht von mail gesendet montag betreff open order schedule line hello weekly list schedule delivery date order customer expect use effectively manage territory question regard please contact regional operational excellence lead read item list column purple field name show total value line add together appear every example item quantity order piece three delivery repeat nbr create date qty sche value unit price blue reply directly sender,48
924,problem,17
925,type outage network circuit power please specify top cert site yes start schedule maintenance company provider maint ticket backup active contact notify phone email remote dial equipment reset verify work vendor global telecom verizon gsc start additional diagnostic,47
926,give error message login network register setting operation complete wait moment,17
927,problem login,17
928,ftp error put zmm bestand stl dat job fail scheduler,47
929,mscrm outlook open connect user system use teamviewer reconfigured profile launch caller confirm able see email issue resolve,0
930,job fail scheduler,48
931,hostname kisp iis app server production disk free warning threshold,4
932,account lock window,0
933,reboot lhqsm patent web uacyltoe hxgaycze server,47
934,job fail scheduler,47
935,please give gethyoff schoemerujt schoegdythu access server hostname mccoyimgs phone,4
936,reboot serverteam thinclient able connect rds server hostname,4
937,calculator work,17
938,job fail scheduler,47
939,name betshdy language browser microsoft internet explorer customer number telephone summary can not get collaboration platform open sit spin,0
940,previously access amerirtcas hrssc mail box outlook long available set,0
941,install tool und zebra ewew,17
942,old mail archive somewhere need access get,0
943,support hrmann,17
944,problem tgeyd,17
945,zpononpo data incorrect,48
946,job fail scheduler,47
947,setup new,17
948,job fail scheduler,47
949,outlook issue unable open new email going respond,0
950,please restore complete file hostname mitarbeiter azubis include file danke viele,4
951,usa server hostname respond access,4
952,job fail scheduler,48
953,unable open attachment outlook,0
954,abende job scheduler,47
955,barcode scanner defective,17
956,problem shift planning,17
957,user issue login new password connect system use teamviewer help company vpn sync network outlook skype issue resolve,0
958,volume label sys amssm server space consume available,4
959,job bwhrertran fail scheduler,48
960,type outage network circuit power please specify top cert site yes start schedule maintenance company provider maint ticket backup active contact notify phone email remote dial equipment reset verify work vendor global telecom verizon gsc start additional diagnostic,47
961,job fail scheduler,47
962,setup new,17
963,erp sid account unlock password reset,0
964,problem lan meeting room,17
965,job zscr dly merktc fail scheduler,47
966,team lose access drive computer please see screenshot issue occur walfgtkek tagsyrhu arrange reinstate,4
967,microsoft behalf company inc mail nwfodmhc exurcwkm tiyhum kuyiomar rad request reset online service password importance high user follow organization request perform account first name rolghtyuando last santolgiy consider contact validate authentic continue determined valid use service admin portal office windows intune azure etc want let user password check enable click sincerely message send unmonitored email address please reply,0
968,job fail scheduler,47
969,calculator ewew bluescreen,17
970,"sincerely , good",0
971,job fail scheduler,47
972,problem lan computer essa,17
973,abende job scheduler,47
974,monthly reboot hostname chkdsk run around currently verify file stage percent complete,4
975,job fail scheduler,48
976,unable login collaboration platform,0
977,fen essa presse box blinkt dauerhaft,17
978,can not open excel file hostname department hrm price current slow freeze,4
979,job fail scheduler,48
980,summary need netweaver check draw document open follwe error message microsoft net framdntyework instal please contact administrator,0
981,type outage network circuit power please specify top cert site yes start schedule maintenance company provider maint ticket backup active contact notify phone email remote dial equipment reset verify work vendor global telecom verizon gsc start additional diagnostic,47
982,able login beyond evolution campaign report engineering tool site certify content,48
983,type outage network circuit power please specify top cert site yes start schedule maintenance company provider maint ticket backup active contact notify phone email remote dial equipment reset verify work vendor global telecom verizon gsc start additional diagnostic,47
984,type outage network circuit power please specify top cert site yes start oct schedule maintenance company provider maint ticket backup active contact notify phone email remote dial equipment reset verify work vendor global telecom verizon gsc start additional diagnostic,47
985,windows password reset,0
986,please usa sasqkjqh lwddkqddq access printer per,0
987,unable log skype please advise,0
988,company guest account set,0
989,job fail scheduler,48
990,probleme mit collaboration platform infopath,17
991,job sid arc fail scheduler,47
992,can not see new fax public amssm ricoh folder since end could please check fix problem,4
993,install zebra,17
994,access bobj,48
995,problem lasplant,17
996,job fail scheduler,47
997,nwfodmhc exurcwkm email internet browser importance high hello please help keep disconnect access week,0
998,type outage network circuit power please specify top cert site yes start schedule maintenance company provider maint ticket backup active contact notify phone email remote dial equipment reset verify work vendor global telecom verizon gsc start additional diagnostic,47
999,support,17
1000,please help provide access hostname department follow financemssg apac partner ctc person lxkecjgr fwknxupq fjzywdpg vkdobexr tnorudbf lauftqmd rtr qcjevayr xirwgjks nil madhaw rai uyocgasl ogabwxzv nfdtriwx lriupqct level full control,4
1001,install drucker ewew,17
1002,wireless access point fen geb und konferenzraum,17
1003,abende job scheduler,48
1004,type outage network circuit power please specify top cert site yes start schedule maintenance company provider maint ticket backup active contact notify phone email remote dial equipment reset verify work vendor global telecom verizon gsc start additional diagnostic,47
1005,job bwhrattr fail scheduler,48
1006,password reset,0
1007,job fail scheduler,47
1008,hello issue outlook view call let share screen,0
1009,printer add fine try print continuously print character symbol use server hostname laserjet tim komar look,4
1010,job hana sid erp dly fail scheduler,47
1011,job sid filesys fail scheduler,47
1012,ms . dde 's printer scan something scan can not print anything jump nothing come,17
1013,problem vpn,17
1014,job fail scheduler,48
1015,email query,0
1016,abend batch job,48
1017,critical lib drive time device address find backup statistic session queue hour complete disk agent fail abort total medium mbyte use agent error job bkwin tax interface daily scheduler,47
1018,hostname disk space label dat consume available,4
1019,job biaprod fail scheduler,47
1020,mii uacyltoe hxgaycze lacw duration high loading refresh load,47
1021,access datum server proceed customer order,4
1022,can not open item text formatheywting command available,0
1023,job fail scheduler,48
1024,defective industrial control monitor,17
1025,hostname corporate file server team production inactive,4
1026,type outage network circuit power please specify top cert site yes start schedule maintenance company provider maint ticket backup active contact notify phone email remote dial equipment reset verify work vendor global telecom verizon gsc start additional diagnostic,47
1027,mobile device activation,0
1028,wireless access point work,17
1029,error window can not access hostname red cross drives server user work contact impact quote team design manufacture usa plant,4
1030,hostname volume label sys space consume available,4
1031,problem wifi laptop,17
1032,setup new batuhan gueduel,17
1033,job fail scheduler,48
1034,job tool netch keheu fail scheduler,47
1035,service kit liefern,17
1036,critical lhqsid company com time ipc failure read net message read error system connection reset peer abort backup statistic session queue hour complete disk agent fail abort total medium mbyte use agent error job scheduler,47
1037,can not access hostname engineering application vpn company use vvbloor inc close fix please assign vidya computer lbdl sign ons dudekm sign onto work use work sign vvblorytor server,4
1038,job fail scheduler,48
1039,gso please unlock erp sid linz,0
1040,hostname volume consume currently space available,4
1041,error login sid system verify user detail employee manager name try password management tool pwd unlocked erp caller confirm able issue resolve,0
1042,summary require jftyff bgtyrant user name brahdthyu usae access hostname,4
1043,job fail scheduler,48
1044,password reset use management tool,0
1045,please see attached error receive try log hana,48
1046,erp net weaver work empw,0
1047,detail provide try open file state corrupt can not open multiple file notice since plant become unavailable confirmation different department mail notice regard possible server change,4
1048,abende job scheduler,48
1049,able open exist hana report,48
1050,problem erpgui,17
1051,windows disk space utilization alert lhbsm,4
1052,difficulty obtain datum bobj must morning issue report could someone please call,48
1053,dsw inincident overview detect least occurrence firewall company european asa com drop traffic source hostname destine port one destination device activity indicate follow infection host misconfigure scan authorize unauthorized escalating incident via high priority ticket phone call per default event handling procedure would like handle incident differently future see option question concern please let know either correspond delegate back soc call escalation alert block explicit notification medium automatically resolve portal event available reporting purpose,4
1054,please provide access file hostname department press tool folder follow computer awywx awyl well,4
1055,able submit lean tracker collaboration platform,0
1056,account unlock,0
1057,job fail scheduler,47
1058,kabel lan liefern gogtyekhan merdivan,17
1059,job sid filesys fail scheduler,47
1060,job tool netch keheu fail scheduler,47
1061,problem portal,17
1062,"hello , please save file , reset file , mdb , everything seem work anymore , thank , process planning",4
1063,uacyltoe hxgaycze call benethrytte cthoursook,0
1064,job fail scheduler,47
1065,login issue verify user detail employee manager name check unlocked account advise check caller confirm able resolve,0
1066,install,17
1067,job fail scheduler,48
1068,hello assign read write authorisation guru prasath user prarttsagj folder iso sid warm,4
1069,hostname currently experience high cpu utilization please investigate,4
1070,job fail scheduler,48
1071,guten morgen dhthykts die kamera den neuen monitor anzuschlie ben tigen wir ein kabel von hdmi auf diesen hellgrauen anschluss dell ist zumindest erste aufgebaut fall andere alternativen gibt sind nat rlich auch daf offen,17
1072,amssm volume server space consume available,4
1073,usa access configure outlook exchange windows phone,0
1074,microsoft behalf company inc mail nwfodmhc exurcwkm tiyhum kuyiomar request reset online service password importance high user follow organization request perform account first name babhjbu last gdgy consider contact validate authentic continue determined valid use service admin portal office windows intune azure etc want let user password check enable click sincerely message send unmonitored email address please reply,0
1075,domain account lock,0
1076,job fail scheduler,48
1077,access time recording network,17
1078,job fail scheduler,48
1079,job bwhrattr fail scheduler,48
1080,erp sid account lock,0
1081,job fail scheduler,48
1082,get certificate error try access hfyujqti jdcbiezxs see attach hddwdw lwdwdwdr,4
1083,job fail scheduler,48
1084,outlook open,0
1085,user virakv ping hostname ping company com bytes datum request time statistic packet sent receive lose loss,4
1086,problem lan,17
1087,interface fastethernet router embertell company bra sao pollaurido switch access com since,47
1088,externe festplatte verf gung stellen alte nobook,17
1089,job hostname fail uacyltoe hxgaycze fail scheduler,47
1090,browser issue website load content completely,0
1091,need get crm load outlook currently use web version metalworke sale engineer company inc technical support,0
1092,job fail scheduler,48
1093,usa plant switch server site,47
1094,"access iphone probably block account again , password reset",17
1095,job fail scheduler,48
1096,outlook update,0
1097,please assist change windows password expire log erp username bragtydlc employee aerp,0
1098,job conf fail scheduler,48
1099,job hostname fail fail scheduler,47
1100,problem login,17
1101,hostname currently experience high cpu utilization please investigate,4
1102,unable make receive call skype times warehouse tool thru hehr toolhone audible hear speake,0
1103,hello help put ticket access quality assurance drive employee username whalep aerp copy owner eozqgim rbmosifh manager permission reason,4
1104,hostname since server reboot daily today reboot still srirgrtyam inform,4
1105,job fail scheduler,48
1106,job fail scheduler,48
1107,please give full access user trhadg folder mention subject,4
1108,provide access folder right hostname mtdesign company machine manual file well,4
1109,summary open incident request inco rakthyesh resolve,0
1110,hostname oracle finance app financial management web tier epmsystem service monitor unknown java server,4
1111,dear sir please provide access application company engineering tool business client,0
1112,unable open outlook change password,0
1113,type outage network circuit power please specify top cert site yes start schedule maintenance company provider maint ticket backup active contact notify phone email remote dial equipment reset verify work vendor global telecom verizon gsc start additional diagnostic,47
1114,job fail scheduler,47
1115,job hana sid dly fail scheduler,47
1116,backup statistic session queue time hour complete disk agent fail abort total medium mbyte use agent error job scheduler,47
1117,hello please read set write authorization discuss gru operations department manager technical service manage director register office germany list court register personally liable shareholder general partner company beteiligung gmbh rth bay regster send monday october joerg passiep regard machine changeover work kindly service center maintenance,4
1118,please set release skv alicona,4
1119,job tool netch keheu fail scheduler,47
1120,setup new,17
1121,job fail scheduler,48
1122,falsche formatierung pdf,17
1123,dear sir madam zip folder around miss follow path hostname zollerfgh document file grind trial datum software backup genius machine require urgent basis breakdown condition please retrieve back server,4
1124,job fail scheduler,47
1125,reset password erp production,0
1126,job fail scheduler,47
1127,lean tracker opening,0
1128,"hello everyone log password management tool manager , account block please activate valid registration sure use good",0
1129,amssm volume disk space consume available,4
1130,type outage network circuit power please specify top cert site yes start schedule maintenance company provider maint ticket backup active contact notify phone email remote dial equipment reset verify work vendor global telecom verizon gsc start additional diagnostic,47
1131,erp sid password reset,0
1132,abende job scheduler,48
1133,try open erp business analysis give error launcher exit add register correctly,48
1134,type outage network circuit power please specify top cert site yes start schedule maintenance company provider maint ticket backup active contact notify phone email remote dial equipment reset verify work vendor global telecom verizon gsc start additional diagnostic,47
1135,message error reconnecte hostname,4
1136,problem open document intranet internet explorer,17
1137,figure create new sds production system engg expert come back follow issue drive prod live full dba make big matheywter enough disk space let know,4
1138,problem drive,17
1139,job bkwin cluster full fail scheduler,47
1140,job fail scheduler,47
1141,job sid hotf fail scheduler,47
1142,job fail scheduler,47
1143,job bkbackup tool sql prod inc fail scheduler,47
1144,scthyott lortwe nwfodmhc exurcwkm trup recode acct importance high team please see email chain assign alrthyu lowe need show financial report mikhghytr robhyertyjs receive nicrhty piper sale manager southeast industrial segment christgry toolher account erp new customer quota load reporting per direction unfortunately need submit ticket reassign kind,48
1145,job fail scheduler,48
1146,good morning please unblock user nieghjyukea try use password management tool manager want work can not get system kind,0
1147,please setup printer hostname print driver,4
1148,job fail scheduler,48
1149,job hana sid wly fail scheduler,47
1150,hallo ich chte gerne das der suche auch meine telefon erscheint,17
1151,erp sid password reset,0
1152,lhqsm fim production miiserver exe wrong number instance process expect gte find,4
1153,dear sir sufficient space follow drive server request enhance storage capacity mtbu ele hostname file eplan vault,4
1154,good morning try log erp get error please help urgently process customer order,0
1155,problem portal,17
1156,machine roanoke change user login roaghyunokepc full access please add lrrsm department aerp production plant controller,4
1157,job bwhrattr fail scheduler,48
1158,need setup exchange corporate iphone,0
1159,monitor tauschen,17
1160,hello show blue side many white letter type optiplex please help well,17
1161,hostname drive full,4
1162,job bwhrattr fail scheduler,48
1163,hostname volume label dat deb server space consume available,4
1164,job bwhrattr fail scheduler,48
1165,job fail scheduler,48
1166,job fail scheduler,47
1167,setup new,17
1168,type outage network circuit power please specify top cert site yes start schedule maintenance company provider maint ticket backup active contact notify phone email remote dial equipment reset verify work vendor global telecom verizon gsc start additional diagnostic,47
1169,apac company chn access,47
1170,unable launch outlook,0
1171,job fail scheduler,48
1172,india company ind kirty lean stack go gigabitethernet uplink access com,47
1173,job fail scheduler,47
1174,problem office,17
1175,help desk please usa access right hpmjtgik blrmfvyh follow folder hostname department finance new staff japan department reportncqulao qauighdpnag good,4
1176,setup outlook wareneingang,17
1177,job fail scheduler,48
1178,job fail scheduler,47
1179,able view download tool drawing business client summary refer call dwfiykeo argtxmvcumar,0
1180,hello team please check error get log business client,0
1181,device run dell tape library backup error say open door,4
1182,error access reporting engineering tool bill would need ticket gso please assign analytic technical team might account magda lock republish use,48
1183,job conf fail scheduler,48
1184,keyboard break,17
1185,hostname status label dat ebcd utilize,4
1186,access department abstech eemw database betap profile betapdachform betapfassen contact sudghnthdra,4
1187,probleme mit tool,17
1188,usa backup exec server rgtsm file raid hdd physical disk,4
1189,hello team please install analysis office clrgtydia since version set hana sid connection present compatible issue sev well,48
1190,vrtx south amerirtca show orange light blink front panel please see attached file,4
1191,install tool bls calculator olympus,17
1192,job sid hoti fail scheduler,47
1193,job fail scheduler,48
1194,erp sid account unlock password reset,0
1195,job fail scheduler,48
1196,type outage network circuit power please specify top cert site yes start est schedule maintenance company provider maint ticket backup active contact notify phone email remote dial equipment reset verify work vendor global telecom verizon gsc start additional diagnostic,47
1197,nwfodmhc exurcwkm chrthryui stavenheim trurthyuft tess account hello someone check whether login ccftv via citrix access please inform issue fix generate turnover satisfy customer manager holemaking design automation von mail gesendet donnerstag betreff robhyertyj unable week either password och user name wrong could help med nlig lsning good,4
1198,hello system disk server hostname full please check issue week ago ticket inc virtual center,4
1199,job fail scheduler,48
1200,please switch configure printer,17
1201,hostname volume label dat space consume available,4
1202,job fail scheduler,47
1203,job fail scheduler,48
1204,hostname average sample total cpu error threshold,4
1205,job fail scheduler,48
1206,job fail scheduler,48
1207,setup,17
1208,job bwhrchgr fail scheduler,48
1209,abende job scheduler,48
1210,type outage network circuit power please specify top cert site yes start schedule maintenance company provider maint ticket backup active contact notify phone email remote dial equipment reset verify work vendor global telecom verizon gsc start additional diagnostic,47
1211,change password yesterday ever since keep get message enter email nothing happen get prompt one note sync issue evry time work file prompt,0
1212,engineering tool work,0
1213,setup new laptop roboworker,17
1214,type outage network circuit power please specify top cert site yes start schedule maintenance company provider maint ticket backup active contact notify phone email remote dial equipment reset verify work vendor global telecom verizon gsc start additional diagnostic,47
1215,hostname average sample disk free warning threshold total size,4
1216,please provide detail template multiple application impact use quick ticket operation folder site location germany user system see performance problem list crm erp bobj transaction slow create order sid take second build page area belong sale finance markhtyete etc issue replicate support group user attach relevant screenshot exact time occur,0
1217,job fail scheduler,48
1218,job fail scheduler,48
1219,problem ewew,17
1220,team sale manager see view bobj anymore global access need pull datum analysis please reinstall tcflirwg ojflyruq thryd adwjfpbreu vksfrhdx njhaqket,48
1221,ebhsm volume consume,4
1222,quick reactivate account laptop ewel,17
1223,usa file server responding appear crash,4
1224,vip unable access collaboration platform,0
1225,job fail scheduler,48
1226,type outage network circuit power please specify top cert site yes start schedule maintenance company provider maint ticket backup active contact notify phone email remote dial equipment reset verify work vendor global telecom verizon gsc start additional diagnostic,47
1227,hostname windows disk space utilization alert utiliuytretion free available,4
1228,job fail scheduler,48
1229,erp excel add issue,48
1230,summary operator know mii erp username password,0
1231,vivbhuek kanjdye nwfodmhc exurcwkm action require please connect new vpn url get follow message system warning clear javascript instal warn full functionality enable browser otherwise feature especially relate web application window work correctly cache clean fail popup blocker cause fail use blocker see outdated page form well disable policy restriction access network resource company deny engine reason anti virus trust,0
1232,job fail scheduler,47
1233,dear please fix bobj problem see error message,48
1234,job sid arc fail scheduler,47
1235,lhqwsf usa nologin collaboration platform script return unexpected value,47
1236,hostname volume space consume available,4
1237,hostname transition application portal java web training full access guprgtta,4
1238,please urgently help mobile tel,0
1239,problem printer print,17
1240,outlook skype respond,0
1241,monitor video messmaschine liefern oziflwma nhgvmqdl,17
1242,job fail scheduler,47
1243,unable login hostname vsphere client vmware virtualcenter server service stop state,4
1244,ticket update inplant,0
1245,problem label print laser,17
1246,job fail scheduler,48
1247,job fail scheduler,48
1248,hostname report engineering tooling production windows disk space utilization alert free less,4
1249,vpn disconnect incoming call,0
